phi,psi,omega,tau,CA:C:1N,C:1N:1CA
0.0,2.055402,-3.1363132,1.9384558,2.0473607,2.1118138
-2.6772318,2.8380787,3.123113,1.954171,2.046189,2.107303
-1.6146832,0.003358364,3.134537,1.9315908,2.0755904,2.1057513
-1.1469755,-1.0783727,-3.1214664,1.9644086,2.057175,2.1111572
-1.0136409,-0.45908523,3.1233056,1.9207361,2.0775836,2.0963657
-0.9854202,-0.9415796,3.1087677,1.9546163,2.0696194,2.0906813
-1.6417899,-0.18403292,3.1068966,1.8826468,2.108863,2.0711973
-1.150372,-0.6836388,3.0650141,1.8776891,2.0445526,2.1029837
-1.1075106,-0.65712094,3.1085274,1.9264138,2.0382388,2.1367838
-1.1503181,-0.85859466,3.1362631,1.9168141,2.0462239,2.119634
-1.2024288,-0.782253,3.1164935,1.9016626,2.0507448,2.1092985
-1.0994892,-0.73859525,3.0966933,1.8838074,2.048157,2.1124222
-1.0243897,-0.9963143,3.1261837,1.9364116,2.0289004,2.121218
-0.92990327,-0.9257381,-3.1384323,1.9188888,2.0573046,2.1029952
-1.0491903,-0.75952363,3.08232,1.8969367,2.0790856,2.1000202
-0.9335475,-0.8069999,3.1042469,1.9431231,2.0406601,2.1127717
-1.210485,-0.6763098,-3.1047041,1.9787204,2.059974,2.1170132
-1.4904709,-0.037141323,3.1257775,1.8988888,2.0907352,2.0920336
-1.1752205,2.2222092,-3.1099298,1.9972546,2.02893,2.1208928
-1.1069479,-0.29073834,-3.1383264,1.9550612,2.0989563,2.091451
-2.1014485,0.21462536,3.1011136,1.9050057,2.0753686,2.092273
-1.578929,2.3622963,3.135606,1.9269469,2.0345356,2.1080663
-1.81285,-3.104467,-3.1336353,1.9323733,2.0482204,2.1024535
-1.0768945,-0.6370685,3.127105,1.9247091,2.0697987,2.0991771
-1.1639104,-0.8349111,-3.136625,1.943744,2.0593789,2.110916
-1.2716715,-0.9013078,-3.1295044,1.9584448,2.054611,2.11352
-1.0693479,-0.8316853,-3.1274889,1.9375374,2.0675223,2.1066105
-1.1574292,-0.76520133,3.112264,1.899534,2.053939,2.1011355
-1.0143986,-0.6682832,3.098595,1.9116404,2.0313962,2.1110566
-1.1115165,-0.784951,3.0986063,1.90854,2.0451853,2.1040566
-1.0954745,-0.50259185,3.083563,1.9013908,2.074394,2.096616
-1.2731133,-0.8536265,3.0941732,1.9394081,2.0546,2.123586
-1.1922731,-0.49762273,-3.129574,1.9361331,2.0444586,2.1426957
-1.4086685,-0.80480313,3.1330755,1.9241145,2.064966,2.1114762
-1.1824379,-0.621773,3.133756,1.9433153,2.0577662,2.1062844
-1.463686,-0.65522456,-3.1395304,1.9363158,2.0716107,2.1057875
-2.0312243,1.8317525,3.1399968,1.970433,2.021705,2.1204755
-1.2250495,-0.6931546,-3.114061,1.9691136,2.0650752,2.1134198
-1.1221197,-0.62332845,3.1379645,1.9480469,2.0716937,2.0953362
-1.4553556,0.06516695,-3.110429,1.9698775,2.0863144,2.1050112
-0.97852063,-0.83038497,3.1125987,1.9068058,2.0885012,2.075536
-1.0674818,-0.8209336,3.09849,1.9047301,2.0383646,2.1146834
-1.001256,-0.65649104,3.1256497,1.924504,2.0430253,2.115751
-1.1221523,-0.7248113,3.0719244,1.8772719,2.0506814,2.0567029
-1.205065,-0.75637555,3.0995495,1.9264662,2.0644133,2.0988572
-0.9897983,-0.8178508,3.119161,1.8918889,2.0624578,2.0998886
-1.2014534,-0.61802316,3.057336,1.9042361,2.0751498,2.088631
-1.139627,-0.6754172,3.0883057,1.8823302,2.0485904,2.1278985
-1.189054,-0.68851256,3.088164,1.8868124,2.0037706,2.1472075
-1.0627444,-0.68537784,3.1017401,1.9146583,2.0367749,2.1178367
-1.2585616,-0.6400807,3.1397855,1.9305441,2.0390913,2.1228569
-0.9928825,-0.73845315,3.1333163,1.9392331,2.0531743,2.1061146
-1.4363985,-0.7018316,3.1398652,1.9195001,2.0598853,2.1067078
-1.1617823,-0.90106416,3.1090147,1.9305317,2.0480654,2.1172898
-1.192524,-0.4475882,-3.131601,1.9565947,2.057793,2.117779
-0.9534886,2.6654704,3.1286457,1.9279096,2.004894,2.1092875
-1.2200248,2.528765,-3.1247861,1.9304078,2.043575,2.1102307
-2.3283026,0.0,0.0,0.0,0.0,0.0
-2.1026163,1.6479251,-3.0945437,1.9550517,1.9790385,2.2490299
-1.1508064,-0.49166894,3.125622,1.9085801,2.0345852,2.1352627
-1.7054541,-1.5591043,-3.1331303,1.9538381,2.0197885,2.1128323
-1.0744171,0.075662136,3.1291726,1.9832685,2.0294158,2.1471474
1.0530112,0.06890726,-3.1268246,2.1049826,1.9324882,2.1708624
-1.7490821,2.6341813,3.127567,1.9992836,2.0456288,2.1781065
-1.345315,-3.0767546,-3.1172469,1.9113162,1.9845994,2.154145
-0.8363447,-1.0750449,-3.1397464,2.0005171,2.005398,2.1126602
-1.0867205,-0.73146176,-3.1047761,1.8911812,2.0701978,2.0691497
-1.23352,-0.6466744,3.1129591,1.9072025,2.016987,2.0906317
-1.2175715,-1.1260169,-3.0903618,1.9871972,2.014603,2.129245
-1.0424411,-0.5118139,3.1212742,1.9606164,2.0468395,2.0954068
-1.4916899,-0.789068,3.1172245,1.850404,2.042682,2.0741599
-1.218987,-0.7076657,3.1018941,1.9340327,2.0227273,2.120262
-1.076627,-0.7242019,3.1042273,1.9204853,2.0303247,2.1164472
-1.1695714,-0.8274276,-3.092888,1.9659717,2.0270627,2.1000836
-1.2139385,-0.43403172,-3.134246,1.9310291,2.0275767,2.1399434
-1.8785429,0.41708636,3.1118286,2.051689,1.9978449,2.1503637
1.2344372,0.42083287,-3.1370413,2.1243007,1.9464357,2.1558664
-1.7549553,1.9094465,3.0665033,1.8424666,2.0438693,2.1546333
-1.1360283,-2.9468856,2.962093,1.8244822,2.5056946,2.2496188
0.74389505,0.068367004,3.130112,2.0495932,1.9418099,2.195226
